AID,GID,NID,CONTRIBUTOR
9686,1451,100,"NNP GZC Car '1BLUE', Person 'C'"
9795,7721,184,"NNP GZC Car '8WHITE', Person 'A'"
9430,1017,273,"NNP GZC Car '15WHITE', Person 'D'"
9576,5239,124,"NNP GZC Car '3RED', Person 'B'"
8921,9222,25,"NNP_Master,pachy.cs.uic.edu:jonc:/home/shared_ibeis/data/work/NNP_Master,,,,,6"
8969,9332,7,"NNP_Master,pachy.cs.uic.edu:jonc:/home/shared_ibeis/data/work/NNP_Master,,,,,6"
9262,1185,112,"NNP GZC Car '17WHITE', Person 'C'"
9511,2107,161,"NNP GZC Car '1PURPLE', Person 'D'"
8837,3343,105,"NNP GZC Car '1WHITE', Person 'C'"
9646,6961,23,"NNP GZC Car '6WHITE', Person 'B'"
9040,8355,28,"NNP_Master,pachy.cs.uic.edu:jonc:/home/shared_ibeis/data/work/NNP_Master,,,,,6"
9781,7703,193,"NNP GZC Car '8WHITE', Person 'A'"
8834,3296,103,"NNP GZC Car '1WHITE', Person 'B'"
9851,5291,158,"NNP GZC Car '3WHITE', Person 'A'"
9135,3315,77,"NNP GZC Car '1WHITE', Person 'C'"
8805,9345,56,"NNP_Master,pachy.cs.uic.edu:jonc:/home/shared_ibeis/data/work/NNP_Master,,,,,6"
9377,445,74,"NNP GZC Car '13WHITE', Person 'A'"
10039,4437,273,"NNP GZC Car '2RED', Person 'C'"
9629,6970,104,"NNP GZC Car '6WHITE', Person 'B'"
9292,6117,138,"NNP GZC Car '5WHITE', Person 'A'"
9111,8362,73,"NNP_Master,pachy.cs.uic.edu:jonc:/home/shared_ibeis/data/work/NNP_Master,,,,,6"
9999,3637,273,"NNP GZC Car '2RED', Person 'A'"
10003,3634,273,"NNP GZC Car '2RED', Person 'A'"
9203,226,74,"NNP GZC Car '11WHITE', Person 'A'"
9305,7280,135,"NNP GZC Car '7WHITE', Person 'B'"
8985,9325,24,"NNP_Master,pachy.cs.uic.edu:jonc:/home/shared_ibeis/data/work/NNP_Master,,,,,6"
8993,3304,74,"NNP GZC Car '1WHITE', Person 'B'"
9438,962,273,"NNP GZC Car '15WHITE', Person 'C'"
9080,9349,72,"NNP_Master,pachy.cs.uic.edu:jonc:/home/shared_ibeis/data/work/NNP_Master,,,,,6"
8911,9394,102,"NNP_Master,pachy.cs.uic.edu:jonc:/home/shared_ibeis/data/work/NNP_Master,,,,,6"
9147,8345,63,"GIRM_MUGU_20,hyrule:joncrall:/media/raid/work/GIRM_MUGU_20,,,,,0"
9182,150,112,"NNP GZC Car '11WHITE', Person 'A'"
9365,518,225,"NNP GZC Car '13WHITE', Person 'B'"
9008,3337,114,"NNP GZC Car '1WHITE', Person 'C'"
9310,7278,212,"NNP GZC Car '7WHITE', Person 'B'"
9318,7272,135,"NNP GZC Car '7WHITE', Person 'B'"
9413,890,234,"NNP GZC Car '15WHITE', Person 'A'"
9420,1065,234,"NNP GZC Car '15WHITE', Person 'D'"
10079,6776,56,"NNP GZC Car '6RED', Person 'B'"
8983,9354,17,"NNP_Master,pachy.cs.uic.edu:jonc:/home/shared_ibeis/data/work/NNP_Master,,,,,6"
9299,6119,209,"NNP GZC Car '5WHITE', Person 'A'"
9048,3314,80,"NNP GZC Car '1WHITE', Person 'C'"
9107,3087,33,"NNP GZC Car '1WHITE', Person 'A'"
8933,3307,80,"NNP GZC Car '1WHITE', Person 'C'"
9657,6919,4,"NNP GZC Car '6WHITE', Person 'B'"
10029,4078,273,"NNP GZC Car '2RED', Person 'B'"
9926,5472,105,"NNP GZC Car '3WHITE', Person 'A'"
8851,3143,79,"NNP GZC Car '1WHITE', Person 'A'"
8970,9347,56,"NNP_Master,pachy.cs.uic.edu:jonc:/home/shared_ibeis/data/work/NNP_Master,,,,,6"
9224,2071,156,"NNP GZC Car '1PURPLE', Person 'C'"
9459,2104,157,"NNP GZC Car '1PURPLE', Person 'D'"
10010,4439,273,"NNP GZC Car '2RED', Person 'C'"
8861,3120,42,"NNP GZC Car '1WHITE', Person 'A'"
9903,5471,105,"NNP GZC Car '3WHITE', Person 'A'"
9821,5570,144,"NNP GZC Car '3WHITE', Person 'A'"
9442,897,234,"NNP GZC Car '15WHITE', Person 'A'"
8975,9316,11,"NNP_Master,pachy.cs.uic.edu:jonc:/home/shared_ibeis/data/work/NNP_Master,,,,,6"
8966,3164,146,"NNP GZC Car '1WHITE', Person 'A'"
9916,5585,74,"NNP GZC Car '3WHITE', Person 'A'"
9056,9346,72,"NNP_Master,pachy.cs.uic.edu:jonc:/home/shared_ibeis/data/work/NNP_Master,,,,,6"
8915,9163,29,"NNP_Master,pachy.cs.uic.edu:jonc:/home/shared_ibeis/data/work/NNP_Master,,,,,6"
8918,9323,58,"NNP_Master,pachy.cs.uic.edu:jonc:/home/shared_ibeis/data/work/NNP_Master,,,,,6"
8992,3321,48,"NNP GZC Car '1WHITE', Person 'C'"
9852,5388,138,"NNP GZC Car '3WHITE', Person 'A'"
9574,6918,4,"NNP GZC Car '6WHITE', Person 'B'"
9771,7375,158,"NNP GZC Car '8WHITE', Person 'A'"
9351,444,74,"NNP GZC Car '13WHITE', Person 'A'"
9314,7164,135,"NNP GZC Car '7WHITE', Person 'A'"
9043,8331,27,"GIRM_MUGU_20,hyrule:joncrall:/media/raid/work/GIRM_MUGU_20,,,,,0"
9000,9225,54,"NNP_Master,pachy.cs.uic.edu:jonc:/home/shared_ibeis/data/work/NNP_Master,,,,,6"
10110,6460,189,"NNP GZC Car '6RED', Person 'B'"
9313,7158,135,"NNP GZC Car '7WHITE', Person 'A'"
9285,6128,56,"NNP GZC Car '5WHITE', Person 'A'"
9258,2065,157,"NNP GZC Car '1PURPLE', Person 'C'"
10044,4812,273,"NNP GZC Car '2RED', Person 'D'"
8972,9347,78,"NNP_Master,pachy.cs.uic.edu:jonc:/home/shared_ibeis/data/work/NNP_Master,,,,,6"
8891,3305,13,"NNP GZC Car '1WHITE', Person 'B'"
9548,4965,166,"NNP GZC Car '3PURPLE', Person 'A'"
9022,9115,119,"NNP_Master,pachy.cs.uic.edu:jonc:/home/shared_ibeis/data/work/NNP_Master,,,,,6"
9101,8316,115,"GIRM_MUGU_20,hyrule:joncrall:/media/raid/work/GIRM_MUGU_20,,,,,0"
9087,3162,70,"NNP GZC Car '1WHITE', Person 'A'"
9582,6958,105,"NNP GZC Car '6WHITE', Person 'B'"
9029,3292,108,"NNP GZC Car '1WHITE', Person 'B'"
9523,947,234,"NNP GZC Car '15WHITE', Person 'B'"
9055,9346,83,"NNP_Master,pachy.cs.uic.edu:jonc:/home/shared_ibeis/data/work/NNP_Master,,,,,6"
9214,2161,158,"NNP GZC Car '1PURPLE', Person 'D'"
8885,8324,64,"GIRM_MUGU_20,hyrule:joncrall:/media/raid/work/GIRM_MUGU_20,,,,,0"
8894,9348,46,"NNP_Master,pachy.cs.uic.edu:jonc:/home/shared_ibeis/data/work/NNP_Master,,,,,6"
9175,224,74,"NNP GZC Car '11WHITE', Person 'A'"
9139,3316,77,"NNP GZC Car '1WHITE', Person 'C'"
8872,3129,42,"NNP GZC Car '1WHITE', Person 'A'"
9863,5573,100,"NNP GZC Car '3WHITE', Person 'A'"
9102,9312,9,"NNP_Master,pachy.cs.uic.edu:jonc:/home/shared_ibeis/data/work/NNP_Master,,,,,6"
9921,5288,158,"NNP GZC Car '3WHITE', Person 'A'"
9610,6930,172,"NNP GZC Car '6WHITE', Person 'B'"
8906,9221,18,"NNP_Master,pachy.cs.uic.edu:jonc:/home/shared_ibeis/data/work/NNP_Master,,,,,6"
8962,3319,48,"NNP GZC Car '1WHITE', Person 'C'"
9887,5289,158,"NNP GZC Car '3WHITE', Person 'A'"
9016,9215,18,"NNP_Master,pachy.cs.uic.edu:jonc:/home/shared_ibeis/data/work/NNP_Master,,,,,6"
9672,1261,100,"NNP GZC Car '1BLUE', Person 'A'"
8816,7785,98,"PZ_MUGU_18,hyrule:joncrall:/media/raid/work/PZ_MUGU_18,,,,,0"
10024,4814,273,"NNP GZC Car '2RED', Person 'D'"
9146,8364,73,"NNP_Master,pachy.cs.uic.edu:jonc:/home/shared_ibeis/data/work/NNP_Master,,,,,6"
9756,7727,27,"NNP GZC Car '8WHITE', Person 'A'"
9679,1277,132,"NNP GZC Car '1BLUE', Person 'A'"
10055,6774,56,"NNP GZC Car '6RED', Person 'B'"
8850,3082,22,"NNP GZC Car '1WHITE', Person 'A'"
9790,7715,184,"NNP GZC Car '8WHITE', Person 'A'"
8815,9351,56,"NNP_Master,pachy.cs.uic.edu:jonc:/home/shared_ibeis/data/work/NNP_Master,,,,,6"
9706,7729,196,"NNP GZC Car '8WHITE', Person 'A'"
10011,4442,273,"NNP GZC Car '2RED', Person 'C'"
9154,9355,110,"NNP_Master,pachy.cs.uic.edu:jonc:/home/shared_ibeis/data/work/NNP_Master,,,,,6"
9958,2813,90,"NNP GZC Car '1RED', Person 'B'"
9501,922,166,"NNP GZC Car '15WHITE', Person 'A'"
10027,3650,273,"NNP GZC Car '2RED', Person 'A'"
9001,9220,18,"NNP_Master,pachy.cs.uic.edu:jonc:/home/shared_ibeis/data/work/NNP_Master,,,,,6"
10021,4074,273,"NNP GZC Car '2RED', Person 'B'"
9076,9395,96,"NNP_Master,pachy.cs.uic.edu:jonc:/home/shared_ibeis/data/work/NNP_Master,,,,,6"
9402,941,234,"NNP GZC Car '15WHITE', Person 'B'"
8912,9403,39,"NNP_Master,pachy.cs.uic.edu:jonc:/home/shared_ibeis/data/work/NNP_Master,,,,,6"
9839,5581,74,"NNP GZC Car '3WHITE', Person 'A'"
9201,155,112,"NNP GZC Car '11WHITE', Person 'A'"
9114,9352,56,"NNP_Master,pachy.cs.uic.edu:jonc:/home/shared_ibeis/data/work/NNP_Master,,,,,6"
9655,6932,172,"NNP GZC Car '6WHITE', Person 'B'"
9242,1499,158,"NNP GZC Car '1PURPLE', Person 'A'"
9206,2108,156,"NNP GZC Car '1PURPLE', Person 'D'"
9149,8350,27,"GIRM_MUGU_20,hyrule:joncrall:/media/raid/work/GIRM_MUGU_20,,,,,0"
8910,3167,68,"NNP GZC Car '1WHITE', Person 'A'"
9120,8352,158,"GIRM_MUGU_20,hyrule:joncrall:/media/raid/work/GIRM_MUGU_20,,,,,0"
9053,8334,60,"GIRM_MUGU_20,hyrule:joncrall:/media/raid/work/GIRM_MUGU_20,,,,,0"
8808,9369,82,"NNP_Master,pachy.cs.uic.edu:jonc:/home/shared_ibeis/data/work/NNP_Master,,,,,6"
9429,837,273,"NNP GZC Car '15WHITE', Person 'A'"
8863,3303,49,"NNP GZC Car '1WHITE', Person 'B'"
9244,2115,161,"NNP GZC Car '1PURPLE', Person 'D'"
9651,7090,182,"NNP GZC Car '6WHITE', Person 'B'"
9138,8343,97,"GIRM_MUGU_20,hyrule:joncrall:/media/raid/work/GIRM_MUGU_20,,,,,0"
9571,5836,124,"NNP GZC Car '4WHITE', Person 'A'"
8892,3141,74,"NNP GZC Car '1WHITE', Person 'A'"
8856,3147,92,"NNP GZC Car '1WHITE', Person 'A'"
9889,5572,153,"NNP GZC Car '3WHITE', Person 'A'"
9546,2118,161,"NNP GZC Car '1PURPLE', Person 'D'"
9171,2069,164,"NNP GZC Car '1PURPLE', Person 'C'"
9164,346,172,"NNP GZC Car '12WHITE', Person 'A'"
8813,9351,83,"NNP_Master,pachy.cs.uic.edu:jonc:/home/shared_ibeis/data/work/NNP_Master,,,,,6"
8898,8333,60,"GIRM_MUGU_20,hyrule:joncrall:/media/raid/work/GIRM_MUGU_20,,,,,0"
9023,7920,98,"PZ_MUGU_18,hyrule:joncrall:/media/raid/work/PZ_MUGU_18,,,,,0"
8934,3307,80,"NNP GZC Car '1WHITE', Person 'C'"
8959,9297,43,"NNP_Master,pachy.cs.uic.edu:jonc:/home/shared_ibeis/data/work/NNP_Master,,,,,6"
9734,1318,131,"NNP GZC Car '1BLUE', Person 'B'"
9145,8364,19,"NNP_Master,pachy.cs.uic.edu:jonc:/home/shared_ibeis/data/work/NNP_Master,,,,,6"
9178,229,172,"NNP GZC Car '11WHITE', Person 'A'"
9042,9227,54,"NNP_Master,pachy.cs.uic.edu:jonc:/home/shared_ibeis/data/work/NNP_Master,,,,,6"
8822,3138,79,"NNP GZC Car '1WHITE', Person 'A'"
9134,9398,101,"NNP_Master,pachy.cs.uic.edu:jonc:/home/shared_ibeis/data/work/NNP_Master,,,,,6"
9536,1016,273,"NNP GZC Car '15WHITE', Person 'D'"
9255,2163,158,"NNP GZC Car '1PURPLE', Person 'D'"
9187,2067,157,"NNP GZC Car '1PURPLE', Person 'C'"
8948,9167,16,"NNP_Master,pachy.cs.uic.edu:jonc:/home/shared_ibeis/data/work/NNP_Master,,,,,6"
9647,6959,105,"NNP GZC Car '6WHITE', Person 'B'"
9749,7716,189,"NNP GZC Car '8WHITE', Person 'A'"
9673,1407,136,"NNP GZC Car '1BLUE', Person 'C'"
8888,9171,29,"NNP_Master,pachy.cs.uic.edu:jonc:/home/shared_ibeis/data/work/NNP_Master,,,,,6"
8849,3131,55,"NNP GZC Car '1WHITE', Person 'A'"
8955,8348,47,"GIRM_MUGU_20,hyrule:joncrall:/media/raid/work/GIRM_MUGU_20,,,,,0"
9392,508,132,"NNP GZC Car '13WHITE', Person 'B'"
9455,899,234,"NNP GZC Car '15WHITE', Person 'A'"
9538,841,273,"NNP GZC Car '15WHITE', Person 'A'"
8951,9224,107,"NNP_Master,pachy.cs.uic.edu:jonc:/home/shared_ibeis/data/work/NNP_Master,,,,,6"
9780,7703,198,"NNP GZC Car '8WHITE', Person 'A'"
9179,2110,161,"NNP GZC Car '1PURPLE', Person 'D'"
9353,509,132,"NNP GZC Car '13WHITE', Person 'B'"
8835,3144,79,"NNP GZC Car '1WHITE', Person 'A'"
9979,2864,210,"NNP GZC Car '1RED', Person 'B'"
9694,1281,273,"NNP GZC Car '1BLUE', Person 'B'"
9316,7279,212,"NNP GZC Car '7WHITE', Person 'B'"
9575,6935,100,"NNP GZC Car '6WHITE', Person 'B'"
8936,8332,27,"GIRM_MUGU_20,hyrule:joncrall:/media/raid/work/GIRM_MUGU_20,,,,,0"
9560,5019,169,"NNP GZC Car '3PURPLE', Person 'B'"
9661,6931,172,"NNP GZC Car '6WHITE', Person 'B'"
9960,2832,241,"NNP GZC Car '1RED', Person 'B'"
9363,521,9,"NNP GZC Car '13WHITE', Person 'B'"
9350,437,60,"NNP GZC Car '13WHITE', Person 'A'"
9721,1282,273,"NNP GZC Car '1BLUE', Person 'B'"
8957,3215,30,"NNP GZC Car '1WHITE', Person 'B'"
10034,4435,273,"NNP GZC Car '2RED', Person 'C'"
10119,6793,8,"NNP GZC Car '6RED', Person 'B'"
9295,6123,29,"NNP GZC Car '5WHITE', Person 'A'"
9900,5571,23,"NNP GZC Car '3WHITE', Person 'A'"
9528,1061,234,"NNP GZC Car '15WHITE', Person 'D'"
9494,946,234,"NNP GZC Car '15WHITE', Person 'B'"
8838,9174,52,"NNP_Master,pachy.cs.uic.edu:jonc:/home/shared_ibeis/data/work/NNP_Master,,,,,6"
9093,9157,38,"NNP_Master,pachy.cs.uic.edu:jonc:/home/shared_ibeis/data/work/NNP_Master,,,,,6"
9719,1413,131,"NNP GZC Car '1BLUE', Person 'C'"
9875,5463,105,"NNP GZC Car '3WHITE', Person 'A'"
8869,9353,56,"NNP_Master,pachy.cs.uic.edu:jonc:/home/shared_ibeis/data/work/NNP_Master,,,,,6"
9235,1731,157,"NNP GZC Car '1PURPLE', Person 'B'"
9189,152,112,"NNP GZC Car '11WHITE', Person 'A'"
9778,7714,184,"NNP GZC Car '8WHITE', Person 'A'"
9457,963,273,"NNP GZC Car '15WHITE', Person 'C'"
9370,440,132,"NNP GZC Car '13WHITE', Person 'A'"
9744,1408,127,"NNP GZC Car '1BLUE', Person 'C'"
8945,3123,42,"NNP GZC Car '1WHITE', Person 'A'"
9476,1063,234,"NNP GZC Car '15WHITE', Person 'D'"
9742,1319,133,"NNP GZC Car '1BLUE', Person 'B'"
9202,154,112,"NNP GZC Car '11WHITE', Person 'A'"
8909,9356,17,"NNP_Master,pachy.cs.uic.edu:jonc:/home/shared_ibeis/data/work/NNP_Master,,,,,6"
9791,7715,189,"NNP GZC Car '8WHITE', Person 'A'"
9935,2799,124,"NNP GZC Car '1RED', Person 'B'"
9562,5022,167,"NNP GZC Car '3PURPLE', Person 'B'"
9811,5450,146,"NNP GZC Car '3WHITE', Person 'A'"
9378,495,60,"NNP GZC Car '13WHITE', Person 'B'"
9025,9341,17,"NNP_Master,pachy.cs.uic.edu:jonc:/home/shared_ibeis/data/work/NNP_Master,,,,,6"
9388,512,132,"NNP GZC Car '13WHITE', Person 'B'"
9034,9296,68,"NNP_Master,pachy.cs.uic.edu:jonc:/home/shared_ibeis/data/work/NNP_Master,,,,,6"
8932,3308,51,"NNP GZC Car '1WHITE', Person 'C'"
9616,6929,146,"NNP GZC Car '6WHITE', Person 'B'"
9609,5221,247,"NNP GZC Car '3RED', Person 'B'"
9859,5389,138,"NNP GZC Car '3WHITE', Person 'A'"
10004,4817,273,"NNP GZC Car '2RED', Person 'D'"
8873,3156,13,"NNP GZC Car '1WHITE', Person 'A'"
9925,5574,100,"NNP GZC Car '3WHITE', Person 'A'"
9151,8323,90,"GIRM_MUGU_20,hyrule:joncrall:/media/raid/work/GIRM_MUGU_20,,,,,0"
9737,7720,199,"NNP GZC Car '8WHITE', Person 'A'"
9112,9352,46,"NNP_Master,pachy.cs.uic.edu:jonc:/home/shared_ibeis/data/work/NNP_Master,,,,,6"
9891,5568,23,"NNP GZC Car '3WHITE', Person 'A'"
8842,3091,8,"NNP GZC Car '1WHITE', Person 'A'"
10005,3643,273,"NNP GZC Car '2RED', Person 'A'"
9162,1144,121,"NNP GZC Car '16WHITE', Person 'A'"
9626,5114,124,"NNP GZC Car '3RED', Person 'A'"
9666,1313,127,"NNP GZC Car '1BLUE', Person 'B'"
9061,3310,68,"NNP GZC Car '1WHITE', Person 'C'"
10015,4818,273,"NNP GZC Car '2RED', Person 'D'"
9119,9223,4,"NNP_Master,pachy.cs.uic.edu:jonc:/home/shared_ibeis/data/work/NNP_Master,,,,,6"
9475,836,273,"NNP GZC Car '15WHITE', Person 'A'"
8919,9402,39,"NNP_Master,pachy.cs.uic.edu:jonc:/home/shared_ibeis/data/work/NNP_Master,,,,,6"
9480,1734,158,"NNP GZC Car '1PURPLE', Person 'B'"
9540,1064,234,"NNP GZC Car '15WHITE', Person 'D'"
9820,5462,23,"NNP GZC Car '3WHITE', Person 'A'"
9140,3294,148,"NNP GZC Car '1WHITE', Person 'B'"
9218,312,51,"NNP GZC Car '11WHITE', Person 'A'"
9283,6126,200,"NNP GZC Car '5WHITE', Person 'A'"
9569,5834,124,"NNP GZC Car '4WHITE', Person 'A'"
8880,3142,79,"NNP GZC Car '1WHITE', Person 'A'"
9401,448,146,"NNP GZC Car '13WHITE', Person 'A'"
9010,3089,8,"NNP GZC Car '1WHITE', Person 'A'"
9019,9397,101,"NNP_Master,pachy.cs.uic.edu:jonc:/home/shared_ibeis/data/work/NNP_Master,,,,,6"
9130,3086,33,"NNP GZC Car '1WHITE', Person 'A'"
9485,1733,156,"NNP GZC Car '1PURPLE', Person 'B'"
9435,1013,273,"NNP GZC Car '15WHITE', Person 'D'"
9050,3137,55,"NNP GZC Car '1WHITE', Person 'A'"
9161,1143,158,"NNP GZC Car '16WHITE', Person 'A'"
9439,1062,234,"NNP GZC Car '15WHITE', Person 'D'"
9298,6121,205,"NNP GZC Car '5WHITE', Person 'A'"
9096,9350,99,"NNP_Master,pachy.cs.uic.edu:jonc:/home/shared_ibeis/data/work/NNP_Master,,,,,6"
9173,1486,157,"NNP GZC Car '1PURPLE', Person 'A'"
8916,9404,91,"NNP_Master,pachy.cs.uic.edu:jonc:/home/shared_ibeis/data/work/NNP_Master,,,,,6"
9850,5448,146,"NNP GZC Car '3WHITE', Person 'A'"
9799,7702,192,"NNP GZC Car '8WHITE', Person 'A'"
9567,5835,124,"NNP GZC Car '4WHITE', Person 'A'"
8855,3147,100,"NNP GZC Car '1WHITE', Person 'A'"
9625,5112,246,"NNP GZC Car '3RED', Person 'A'"
8995,9389,117,"NNP_Master,pachy.cs.uic.edu:jonc:/home/shared_ibeis/data/work/NNP_Master,,,,,6"
10033,4813,273,"NNP GZC Car '2RED', Person 'D'"
8904,9333,3,"NNP_Master,pachy.cs.uic.edu:jonc:/home/shared_ibeis/data/work/NNP_Master,,,,,6"
8903,3083,22,"NNP GZC Car '1WHITE', Person 'A'"
9871,5475,105,"NNP GZC Car '3WHITE', Person 'A'"
9627,6960,105,"NNP GZC Car '6WHITE', Person 'B'"
9866,5469,148,"NNP GZC Car '3WHITE', Person 'A'"
8818,8335,60,"GIRM_MUGU_20,hyrule:joncrall:/media/raid/work/GIRM_MUGU_20,,,,,0"
8961,8330,47,"GIRM_MUGU_20,hyrule:joncrall:/media/raid/work/GIRM_MUGU_20,,,,,0"
8810,8321,84,"GIRM_MUGU_20,hyrule:joncrall:/media/raid/work/GIRM_MUGU_20,,,,,0"
9885,5449,146,"NNP GZC Car '3WHITE', Person 'A'"
8988,9330,14,"NNP_Master,pachy.cs.uic.edu:jonc:/home/shared_ibeis/data/work/NNP_Master,,,,,6"
9805,7712,63,"NNP GZC Car '8WHITE', Person 'A'"
9922,5476,105,"NNP GZC Car '3WHITE', Person 'A'"
8843,8337,2,"GIRM_MUGU_20,hyrule:joncrall:/media/raid/work/GIRM_MUGU_20,,,,,0"
8841,9334,5,"NNP_Master,pachy.cs.uic.edu:jonc:/home/shared_ibeis/data/work/NNP_Master,,,,,6"
9492,1012,273,"NNP GZC Car '15WHITE', Person 'D'"
8956,3441,30,"NNP GZC Car '1WHITE', Person 'C'"
10074,6465,189,"NNP GZC Car '6RED', Person 'B'"
9585,6934,172,"NNP GZC Car '6WHITE', Person 'B'"
9052,8346,63,"GIRM_MUGU_20,hyrule:joncrall:/media/raid/work/GIRM_MUGU_20,,,,,0"
9959,2746,273,"NNP GZC Car '1RED', Person 'B'"
8922,9222,4,"NNP_Master,pachy.cs.uic.edu:jonc:/home/shared_ibeis/data/work/NNP_Master,,,,,6"
10022,4810,273,"NNP GZC Car '2RED', Person 'D'"
9512,2107,156,"NNP GZC Car '1PURPLE', Person 'D'"
9864,5479,148,"NNP GZC Car '3WHITE', Person 'A'"
9223,227,9,"NNP GZC Car '11WHITE', Person 'A'"
9036,9338,69,"NNP_Master,pachy.cs.uic.edu:jonc:/home/shared_ibeis/data/work/NNP_Master,,,,,6"
9357,446,146,"NNP GZC Car '13WHITE', Person 'A'"
8958,3213,30,"NNP GZC Car '1WHITE', Person 'B'"
9529,944,234,"NNP GZC Car '15WHITE', Person 'B'"
8944,9337,46,"NNP_Master,pachy.cs.uic.edu:jonc:/home/shared_ibeis/data/work/NNP_Master,,,,,6"
9071,9164,20,"NNP_Master,pachy.cs.uic.edu:jonc:/home/shared_ibeis/data/work/NNP_Master,,,,,6"
9077,9395,71,"NNP_Master,pachy.cs.uic.edu:jonc:/home/shared_ibeis/data/work/NNP_Master,,,,,6"
9018,9216,97,"NNP_Master,pachy.cs.uic.edu:jonc:/home/shared_ibeis/data/work/NNP_Master,,,,,6"
9520,1732,157,"NNP GZC Car '1PURPLE', Person 'B'"
9086,3162,53,"NNP GZC Car '1WHITE', Person 'A'"
9352,511,132,"NNP GZC Car '13WHITE', Person 'B'"
9858,5292,158,"NNP GZC Car '3WHITE', Person 'A'"
9722,7678,197,"NNP GZC Car '8WHITE', Person 'A'"
9716,7723,191,"NNP GZC Car '8WHITE', Person 'A'"
9075,3302,49,"NNP GZC Car '1WHITE', Person 'B'"
10007,4811,273,"NNP GZC Car '2RED', Person 'D'"
9937,2830,166,"NNP GZC Car '1RED', Person 'B'"
9995,3653,273,"NNP GZC Car '2RED', Person 'A'"
8883,3443,87,"NNP GZC Car '1WHITE', Person 'C'"
8971,9347,72,"NNP_Master,pachy.cs.uic.edu:jonc:/home/shared_ibeis/data/work/NNP_Master,,,,,6"
8806,9345,72,"NNP_Master,pachy.cs.uic.edu:jonc:/home/shared_ibeis/data/work/NNP_Master,,,,,6"
9081,9349,72,"NNP_Master,pachy.cs.uic.edu:jonc:/home/shared_ibeis/data/work/NNP_Master,,,,,6"
9665,1315,135,"NNP GZC Car '1BLUE', Person 'B'"
10073,6791,8,"NNP GZC Car '6RED', Person 'B'"
9982,2804,166,"NNP GZC Car '1RED', Person 'B'"
9293,6118,208,"NNP GZC Car '5WHITE', Person 'A'"
9917,5575,100,"NNP GZC Car '3WHITE', Person 'A'"
8871,9353,72,"NNP_Master,pachy.cs.uic.edu:jonc:/home/shared_ibeis/data/work/NNP_Master,,,,,6"
9287,6122,204,"NNP GZC Car '5WHITE', Person 'A'"
9089,3162,89,"NNP GZC Car '1WHITE', Person 'A'"
8928,3301,49,"NNP GZC Car '1WHITE', Person 'B'"
8925,9166,16,"NNP_Master,pachy.cs.uic.edu:jonc:/home/shared_ibeis/data/work/NNP_Master,,,,,6"
9873,5552,23,"NNP GZC Car '3WHITE', Person 'A'"
9441,1015,273,"NNP GZC Car '15WHITE', Person 'D'"
9748,7716,184,"NNP GZC Car '8WHITE', Person 'A'"
8886,9177,38,"NNP_Master,pachy.cs.uic.edu:jonc:/home/shared_ibeis/data/work/NNP_Master,,,,,6"
9205,2108,161,"NNP GZC Car '1PURPLE', Person 'D'"
8832,3297,23,"NNP GZC Car '1WHITE', Person 'B'"
9936,2830,241,"NNP GZC Car '1RED', Person 'B'"
9148,8345,158,"GIRM_MUGU_20,hyrule:joncrall:/media/raid/work/GIRM_MUGU_20,,,,,0"
9696,1317,131,"NNP GZC Car '1BLUE', Person 'B'"
9078,9349,78,"NNP_Master,pachy.cs.uic.edu:jonc:/home/shared_ibeis/data/work/NNP_Master,,,,,6"
9586,6934,13,"NNP GZC Car '6WHITE', Person 'B'"
9469,2162,158,"NNP GZC Car '1PURPLE', Person 'D'"
8866,8351,158,"GIRM_MUGU_20,hyrule:joncrall:/media/raid/work/GIRM_MUGU_20,,,,,0"
9123,9343,17,"NNP_Master,pachy.cs.uic.edu:jonc:/home/shared_ibeis/data/work/NNP_Master,,,,,6"
9195,2109,161,"NNP GZC Car '1PURPLE', Person 'D'"
8998,9373,1,"NNP_Master,pachy.cs.uic.edu:jonc:/home/shared_ibeis/data/work/NNP_Master,,,,,6"
9058,9172,86,"NNP_Master,pachy.cs.uic.edu:jonc:/home/shared_ibeis/data/work/NNP_Master,,,,,6"
9664,6928,183,"NNP GZC Car '6WHITE', Person 'B'"
9110,9176,86,"NNP_Master,pachy.cs.uic.edu:jonc:/home/shared_ibeis/data/work/NNP_Master,,,,,6"
8829,8338,2,"GIRM_MUGU_20,hyrule:joncrall:/media/raid/work/GIRM_MUGU_20,,,,,0"
10052,6461,259,"NNP GZC Car '6RED', Person 'B'"
9589,6933,13,"NNP GZC Car '6WHITE', Person 'B'"
9828,5569,23,"NNP GZC Car '3WHITE', Person 'A'"
8994,3325,48,"NNP GZC Car '1WHITE', Person 'C'"
9750,7713,189,"NNP GZC Car '8WHITE', Person 'A'"
9555,5014,166,"NNP GZC Car '3PURPLE', Person 'B'"
9083,3085,22,"NNP GZC Car '1WHITE', Person 'A'"
8874,3156,92,"NNP GZC Car '1WHITE', Person 'A'"
9450,901,234,"NNP GZC Car '15WHITE', Person 'A'"
8840,9334,3,"NNP_Master,pachy.cs.uic.edu:jonc:/home/shared_ibeis/data/work/NNP_Master,,,,,6"
9159,1146,157,"NNP GZC Car '16WHITE', Person 'A'"
9092,9157,29,"NNP_Master,pachy.cs.uic.edu:jonc:/home/shared_ibeis/data/work/NNP_Master,,,,,6"
9176,313,51,"NNP GZC Car '11WHITE', Person 'A'"
9141,9219,18,"NNP_Master,pachy.cs.uic.edu:jonc:/home/shared_ibeis/data/work/NNP_Master,,,,,6"
9654,6951,49,"NNP GZC Car '6WHITE', Person 'B'"
9777,7725,117,"NNP GZC Car '8WHITE', Person 'A'"
8952,9390,63,"NNP_Master,pachy.cs.uic.edu:jonc:/home/shared_ibeis/data/work/NNP_Master,,,,,6"
9026,9341,56,"NNP_Master,pachy.cs.uic.edu:jonc:/home/shared_ibeis/data/work/NNP_Master,,,,,6"
8811,3152,74,"NNP GZC Car '1WHITE', Person 'A'"
8809,8321,19,"GIRM_MUGU_20,hyrule:joncrall:/media/raid/work/GIRM_MUGU_20,,,,,0"
9482,2103,157,"NNP GZC Car '1PURPLE', Person 'D'"
9751,7713,63,"NNP GZC Car '8WHITE', Person 'A'"
9660,6931,132,"NNP GZC Car '6WHITE', Person 'B'"
9712,1345,273,"NNP GZC Car '1BLUE', Person 'C'"
9733,7719,184,"NNP GZC Car '8WHITE', Person 'A'"
9804,7712,189,"NNP GZC Car '8WHITE', Person 'A'"
9046,9162,38,"NNP_Master,pachy.cs.uic.edu:jonc:/home/shared_ibeis/data/work/NNP_Master,,,,,6"
8881,3139,55,"NNP GZC Car '1WHITE', Person 'A'"
9150,9170,38,"NNP_Master,pachy.cs.uic.edu:jonc:/home/shared_ibeis/data/work/NNP_Master,,,,,6"
9079,9349,46,"NNP_Master,pachy.cs.uic.edu:jonc:/home/shared_ibeis/data/work/NNP_Master,,,,,6"
8831,9156,81,"NNP_Master,pachy.cs.uic.edu:jonc:/home/shared_ibeis/data/work/NNP_Master,,,,,6"
9588,7091,181,"NNP GZC Car '6WHITE', Person 'B'"
9514,921,166,"NNP GZC Car '15WHITE', Person 'A'"
9969,2649,238,"NNP GZC Car '1RED', Person 'A'"
9423,898,234,"NNP GZC Car '15WHITE', Person 'A'"
9269,5713,253,"NNP GZC Car '4RED', Person 'A'"
9011,3442,87,"NNP GZC Car '1WHITE', Person 'C'"
8901,9339,69,"NNP_Master,pachy.cs.uic.edu:jonc:/home/shared_ibeis/data/work/NNP_Master,,,,,6"
8978,9226,31,"NNP_Master,pachy.cs.uic.edu:jonc:/home/shared_ibeis/data/work/NNP_Master,,,,,6"
9136,9375,1,"NNP_Master,pachy.cs.uic.edu:jonc:/home/shared_ibeis/data/work/NNP_Master,,,,,6"
9045,8356,28,"NNP_Master,pachy.cs.uic.edu:jonc:/home/shared_ibeis/data/work/NNP_Master,,,,,6"
9002,3440,30,"NNP GZC Car '1WHITE', Person 'C'"
8946,8357,28,"NNP_Master,pachy.cs.uic.edu:jonc:/home/shared_ibeis/data/work/NNP_Master,,,,,6"
9877,5461,23,"NNP GZC Car '3WHITE', Person 'A'"
9368,447,225,"NNP GZC Car '13WHITE', Person 'A'"
9291,6124,207,"NNP GZC Car '5WHITE', Person 'A'"
9308,7159,135,"NNP GZC Car '7WHITE', Person 'A'"
8797,9374,1,"NNP_Master,pachy.cs.uic.edu:jonc:/home/shared_ibeis/data/work/NNP_Master,,,,,6"
8803,9175,52,"NNP_Master,pachy.cs.uic.edu:jonc:/home/shared_ibeis/data/work/NNP_Master,,,,,6"
9315,7273,135,"NNP GZC Car '7WHITE', Person 'B'"
8938,8361,73,"NNP_Master,pachy.cs.uic.edu:jonc:/home/shared_ibeis/data/work/NNP_Master,,,,,6"
8889,8363,73,"NNP_Master,pachy.cs.uic.edu:jonc:/home/shared_ibeis/data/work/NNP_Master,,,,,6"
9143,9160,29,"NNP_Master,pachy.cs.uic.edu:jonc:/home/shared_ibeis/data/work/NNP_Master,,,,,6"
9613,6917,4,"NNP GZC Car '6WHITE', Person 'B'"
8847,9311,9,"NNP_Master,pachy.cs.uic.edu:jonc:/home/shared_ibeis/data/work/NNP_Master,,,,,6"
9289,6127,200,"NNP GZC Car '5WHITE', Person 'A'"
9998,4438,273,"NNP GZC Car '2RED', Person 'C'"
9359,520,9,"NNP GZC Car '13WHITE', Person 'B'"
9580,5113,253,"NNP GZC Car '3RED', Person 'A'"
9605,5202,167,"NNP GZC Car '3RED', Person 'B'"
9991,2618,90,"NNP GZC Car '1RED', Person 'A'"
10018,3641,273,"NNP GZC Car '2RED', Person 'A'"
9677,1253,131,"NNP GZC Car '1BLUE', Person 'A'"
10040,3654,273,"NNP GZC Car '2RED', Person 'A'"
8940,9131,118,"NNP_Master,pachy.cs.uic.edu:jonc:/home/shared_ibeis/data/work/NNP_Master,,,,,6"
9168,370,23,"NNP GZC Car '12WHITE', Person 'A'"
8868,3090,8,"NNP GZC Car '1WHITE', Person 'A'"
9185,230,172,"NNP GZC Car '11WHITE', Person 'A'"
9288,6127,202,"NNP GZC Car '5WHITE', Person 'A'"
8859,9368,82,"NNP_Master,pachy.cs.uic.edu:jonc:/home/shared_ibeis/data/work/NNP_Master,,,,,6"
9228,2165,158,"NNP GZC Car '1PURPLE', Person 'D'"
8968,3164,51,"NNP GZC Car '1WHITE', Person 'A'"
8875,9161,81,"NNP_Master,pachy.cs.uic.edu:jonc:/home/shared_ibeis/data/work/NNP_Master,,,,,6"
9232,315,49,"NNP GZC Car '11WHITE', Person 'A'"
10006,4434,273,"NNP GZC Car '2RED', Person 'C'"
10001,4436,273,"NNP GZC Car '2RED', Person 'C'"
9336,10,210,"NNP GZC Car '10WHITE', Person 'A'"
9194,307,74,"NNP GZC Car '11WHITE', Person 'A'"
8996,9158,38,"NNP_Master,pachy.cs.uic.edu:jonc:/home/shared_ibeis/data/work/NNP_Master,,,,,6"
9073,8358,28,"NNP_Master,pachy.cs.uic.edu:jonc:/home/shared_ibeis/data/work/NNP_Master,,,,,6"
8799,9228,31,"NNP_Master,pachy.cs.uic.edu:jonc:/home/shared_ibeis/data/work/NNP_Master,,,,,6"
9237,2106,156,"NNP GZC Car '1PURPLE', Person 'D'"
9013,9295,23,"NNP_Master,pachy.cs.uic.edu:jonc:/home/shared_ibeis/data/work/NNP_Master,,,,,6"
9607,6927,42,"NNP GZC Car '6WHITE', Person 'B'"
8819,9315,11,"NNP_Master,pachy.cs.uic.edu:jonc:/home/shared_ibeis/data/work/NNP_Master,,,,,6"
9519,948,234,"NNP GZC Car '15WHITE', Person 'B'"
10012,3651,273,"NNP GZC Car '2RED', Person 'A'"
9343,436,60,"NNP GZC Car '13WHITE', Person 'A'"
8991,3216,30,"NNP GZC Car '1WHITE', Person 'B'"
9942,2797,124,"NNP GZC Car '1RED', Person 'B'"
9502,2167,156,"NNP GZC Car '1PURPLE', Person 'D'"
10038,4077,273,"NNP GZC Car '2RED', Person 'B'"
8987,3336,23,"NNP GZC Car '1WHITE', Person 'C'"
8979,9226,54,"NNP_Master,pachy.cs.uic.edu:jonc:/home/shared_ibeis/data/work/NNP_Master,,,,,6"
9743,1319,127,"NNP GZC Car '1BLUE', Person 'B'"
8823,3081,22,"NNP GZC Car '1WHITE', Person 'A'"
8878,9342,56,"NNP_Master,pachy.cs.uic.edu:jonc:/home/shared_ibeis/data/work/NNP_Master,,,,,6"
10041,3648,273,"NNP GZC Car '2RED', Person 'A'"
9038,3320,48,"NNP GZC Car '1WHITE', Person 'C'"
10036,4819,273,"NNP GZC Car '2RED', Person 'D'"
9421,900,234,"NNP GZC Car '15WHITE', Person 'A'"
8913,3168,49,"NNP GZC Car '1WHITE', Person 'A'"
9717,1411,131,"NNP GZC Car '1BLUE', Person 'C'"
9506,2164,158,"NNP GZC Car '1PURPLE', Person 'D'"
9021,8340,32,"GIRM_MUGU_20,hyrule:joncrall:/media/raid/work/GIRM_MUGU_20,,,,,0"
9116,9396,71,"NNP_Master,pachy.cs.uic.edu:jonc:/home/shared_ibeis/data/work/NNP_Master,,,,,6"
8907,8315,113,"GIRM_MUGU_20,hyrule:joncrall:/media/raid/work/GIRM_MUGU_20,,,,,0"
9391,500,60,"NNP GZC Car '13WHITE', Person 'B'"
9888,5293,158,"NNP GZC Car '3WHITE', Person 'A'"
8833,9320,24,"NNP_Master,pachy.cs.uic.edu:jonc:/home/shared_ibeis/data/work/NNP_Master,,,,,6"
9827,5569,144,"NNP GZC Car '3WHITE', Person 'A'"
9537,838,273,"NNP GZC Car '15WHITE', Person 'A'"
9054,9346,56,"NNP_Master,pachy.cs.uic.edu:jonc:/home/shared_ibeis/data/work/NNP_Master,,,,,6"
9639,5243,90,"NNP GZC Car '3RED', Person 'B'"
10020,4815,273,"NNP GZC Car '2RED', Person 'D'"
9718,1411,128,"NNP GZC Car '1BLUE', Person 'C'"
9099,3122,92,"NNP GZC Car '1WHITE', Person 'A'"
9121,8352,63,"GIRM_MUGU_20,hyrule:joncrall:/media/raid/work/GIRM_MUGU_20,,,,,0"
8876,9399,98,"NNP_Master,pachy.cs.uic.edu:jonc:/home/shared_ibeis/data/work/NNP_Master,,,,,6"
9697,1317,128,"NNP GZC Car '1BLUE', Person 'B'"
9522,1079,166,"NNP GZC Car '15WHITE', Person 'D'"
8804,3214,30,"NNP GZC Car '1WHITE', Person 'B'"
8862,3120,92,"NNP GZC Car '1WHITE', Person 'A'"
9069,9317,109,"NNP_Master,pachy.cs.uic.edu:jonc:/home/shared_ibeis/data/work/NNP_Master,,,,,6"
9200,232,172,"NNP GZC Car '11WHITE', Person 'A'"
8980,3163,53,"NNP GZC Car '1WHITE', Person 'A'"
9577,6926,42,"NNP GZC Car '6WHITE', Person 'B'"
8997,9158,20,"NNP_Master,pachy.cs.uic.edu:jonc:/home/shared_ibeis/data/work/NNP_Master,,,,,6"
9739,7728,191,"NNP GZC Car '8WHITE', Person 'A'"
9464,945,234,"NNP GZC Car '15WHITE', Person 'B'"
9951,2861,124,"NNP GZC Car '1RED', Person 'B'"
8963,8344,158,"GIRM_MUGU_20,hyrule:joncrall:/media/raid/work/GIRM_MUGU_20,,,,,0"
9062,3310,53,"NNP GZC Car '1WHITE', Person 'C'"
9183,2114,156,"NNP GZC Car '1PURPLE', Person 'D'"
9243,1487,157,"NNP GZC Car '1PURPLE', Person 'A'"
8927,3306,13,"NNP GZC Car '1WHITE', Person 'B'"
8900,9339,76,"NNP_Master,pachy.cs.uic.edu:jonc:/home/shared_ibeis/data/work/NNP_Master,,,,,6"
9735,1318,128,"NNP GZC Car '1BLUE', Person 'B'"
9855,5584,74,"NNP GZC Car '3WHITE', Person 'A'"
9126,3121,92,"NNP GZC Car '1WHITE', Person 'A'"
9217,225,74,"NNP GZC Car '11WHITE', Person 'A'"
9128,9318,114,"NNP_Master,pachy.cs.uic.edu:jonc:/home/shared_ibeis/data/work/NNP_Master,,,,,6"
9822,5570,23,"NNP GZC Car '3WHITE', Person 'A'"
10062,6280,117,"NNP GZC Car '6RED', Person 'A'"
9015,3299,23,"NNP GZC Car '1WHITE', Person 'B'"
9467,912,234,"NNP GZC Car '15WHITE', Person 'A'"
9764,7724,184,"NNP GZC Car '8WHITE', Person 'A'"
9003,3084,22,"NNP GZC Car '1WHITE', Person 'A'"
9100,3122,42,"NNP GZC Car '1WHITE', Person 'A'"
8800,9228,54,"NNP_Master,pachy.cs.uic.edu:jonc:/home/shared_ibeis/data/work/NNP_Master,,,,,6"
9865,5390,138,"NNP GZC Car '3WHITE', Person 'A'"
9095,9350,78,"NNP_Master,pachy.cs.uic.edu:jonc:/home/shared_ibeis/data/work/NNP_Master,,,,,6"
9346,519,146,"NNP GZC Car '13WHITE', Person 'B'"
9878,5460,23,"NNP GZC Car '3WHITE', Person 'A'"
9376,514,74,"NNP GZC Car '13WHITE', Person 'B'"
9462,942,234,"NNP GZC Car '15WHITE', Person 'B'"
8796,8339,32,"GIRM_MUGU_20,hyrule:joncrall:/media/raid/work/GIRM_MUGU_20,,,,,0"
9051,8346,158,"GIRM_MUGU_20,hyrule:joncrall:/media/raid/work/GIRM_MUGU_20,,,,,0"
8924,3217,30,"NNP GZC Car '1WHITE', Person 'B'"
9127,3121,42,"NNP GZC Car '1WHITE', Person 'A'"
9518,2116,161,"NNP GZC Car '1PURPLE', Person 'D'"
9198,231,172,"NNP GZC Car '11WHITE', Person 'A'"
9840,5583,9,"NNP GZC Car '3WHITE', Person 'A'"
9020,9309,74,"NNP_Master,pachy.cs.uic.edu:jonc:/home/shared_ibeis/data/work/NNP_Master,,,,,6"
9017,3124,55,"NNP GZC Car '1WHITE', Person 'A'"
9379,443,74,"NNP GZC Car '13WHITE', Person 'A'"
9847,5464,105,"NNP GZC Car '3WHITE', Person 'A'"
9437,839,273,"NNP GZC Car '15WHITE', Person 'A'"
9740,7728,27,"NNP GZC Car '8WHITE', Person 'A'"
9163,1125,123,"NNP GZC Car '16WHITE', Person 'A'"
8976,8320,19,"GIRM_MUGU_20,hyrule:joncrall:/media/raid/work/GIRM_MUGU_20,,,,,0"
8830,9328,14,"NNP_Master,pachy.cs.uic.edu:jonc:/home/shared_ibeis/data/work/NNP_Master,,,,,6"
9098,9350,46,"NNP_Master,pachy.cs.uic.edu:jonc:/home/shared_ibeis/data/work/NNP_Master,,,,,6"
10026,3635,273,"NNP GZC Car '2RED', Person 'A'"
9950,2824,241,"NNP GZC Car '1RED', Person 'B'"
9330,12,210,"NNP GZC Car '10WHITE', Person 'A'"
9894,5468,105,"NNP GZC Car '3WHITE', Person 'A'"
9049,3314,104,"NNP GZC Car '1WHITE', Person 'C'"
9247,1485,157,"NNP GZC Car '1PURPLE', Person 'A'"
9221,2066,157,"NNP GZC Car '1PURPLE', Person 'C'"
9165,365,148,"NNP GZC Car '12WHITE', Person 'A'"
8865,8351,63,"GIRM_MUGU_20,hyrule:joncrall:/media/raid/work/GIRM_MUGU_20,,,,,0"
8953,8359,19,"NNP_Master,pachy.cs.uic.edu:jonc:/home/shared_ibeis/data/work/NNP_Master,,,,,6"
8941,3439,57,"NNP GZC Car '1WHITE', Person 'C'"
9041,9227,31,"NNP_Master,pachy.cs.uic.edu:jonc:/home/shared_ibeis/data/work/NNP_Master,,,,,6"
8817,7785,112,"PZ_MUGU_18,hyrule:joncrall:/media/raid/work/PZ_MUGU_18,,,,,0"
9219,2119,158,"NNP GZC Car '1PURPLE', Person 'D'"
9496,2105,165,"NNP GZC Car '1PURPLE', Person 'D'"
8852,9293,43,"NNP_Master,pachy.cs.uic.edu:jonc:/home/shared_ibeis/data/work/NNP_Master,,,,,6"
9564,4964,168,"NNP GZC Car '3PURPLE', Person 'A'"
9947,2826,124,"NNP GZC Car '1RED', Person 'B'"
9184,314,49,"NNP GZC Car '11WHITE', Person 'A'"
9282,6120,206,"NNP GZC Car '5WHITE', Person 'A'"
9108,8353,115,"GIRM_MUGU_20,hyrule:joncrall:/media/raid/work/GIRM_MUGU_20,,,,,0"
9028,8329,47,"GIRM_MUGU_20,hyrule:joncrall:/media/raid/work/GIRM_MUGU_20,,,,,0"
9948,2650,210,"NNP GZC Car '1RED', Person 'A'"
9997,4820,273,"NNP GZC Car '2RED', Person 'D'"
9345,435,60,"NNP GZC Car '13WHITE', Person 'A'"
9091,9157,20,"NNP_Master,pachy.cs.uic.edu:jonc:/home/shared_ibeis/data/work/NNP_Master,,,,,6"
9451,923,237,"NNP GZC Car '15WHITE', Person 'A'"
8920,9329,14,"NNP_Master,pachy.cs.uic.edu:jonc:/home/shared_ibeis/data/work/NNP_Master,,,,,6"
8853,9331,7,"NNP_Master,pachy.cs.uic.edu:jonc:/home/shared_ibeis/data/work/NNP_Master,,,,,6"
10017,3652,273,"NNP GZC Car '2RED', Person 'A'"
9478,913,234,"NNP GZC Car '15WHITE', Person 'A'"
9558,5013,166,"NNP GZC Car '3PURPLE', Person 'B'"
9082,9310,74,"NNP_Master,pachy.cs.uic.edu:jonc:/home/shared_ibeis/data/work/NNP_Master,,,,,6"
9070,9173,86,"NNP_Master,pachy.cs.uic.edu:jonc:/home/shared_ibeis/data/work/NNP_Master,,,,,6"
9125,9343,56,"NNP_Master,pachy.cs.uic.edu:jonc:/home/shared_ibeis/data/work/NNP_Master,,,,,6"
9670,1449,49,"NNP GZC Car '1BLUE', Person 'C'"
9760,7709,27,"NNP GZC Car '8WHITE', Person 'A'"
9113,9352,83,"NNP_Master,pachy.cs.uic.edu:jonc:/home/shared_ibeis/data/work/NNP_Master,,,,,6"
9118,9223,25,"NNP_Master,pachy.cs.uic.edu:jonc:/home/shared_ibeis/data/work/NNP_Master,,,,,6"
9656,6932,146,"NNP GZC Car '6WHITE', Person 'B'"
8947,3088,8,"NNP GZC Car '1WHITE', Person 'A'"
9035,9338,56,"NNP_Master,pachy.cs.uic.edu:jonc:/home/shared_ibeis/data/work/NNP_Master,,,,,6"
10008,4816,273,"NNP GZC Car '2RED', Person 'D'"
9798,7702,27,"NNP GZC Car '8WHITE', Person 'A'"
8854,3147,79,"NNP GZC Car '1WHITE', Person 'A'"
9967,2862,238,"NNP GZC Car '1RED', Person 'B'"
8848,9311,53,"NNP_Master,pachy.cs.uic.edu:jonc:/home/shared_ibeis/data/work/NNP_Master,,,,,6"
9938,2830,124,"NNP GZC Car '1RED', Person 'B'"
8982,3163,70,"NNP GZC Car '1WHITE', Person 'A'"
9996,3639,273,"NNP GZC Car '2RED', Person 'A'"
8895,9348,78,"NNP_Master,pachy.cs.uic.edu:jonc:/home/shared_ibeis/data/work/NNP_Master,,,,,6"
8939,3438,57,"NNP GZC Car '1WHITE', Person 'C'"
8890,8363,19,"NNP_Master,pachy.cs.uic.edu:jonc:/home/shared_ibeis/data/work/NNP_Master,,,,,6"
9981,2801,246,"NNP GZC Car '1RED', Person 'B'"
9227,151,112,"NNP GZC Car '11WHITE', Person 'A'"
9106,8347,47,"GIRM_MUGU_20,hyrule:joncrall:/media/raid/work/GIRM_MUGU_20,,,,,0"
9680,1452,132,"NNP GZC Car '1BLUE', Person 'C'"
9084,3136,55,"NNP GZC Car '1WHITE', Person 'A'"
9984,2829,241,"NNP GZC Car '1RED', Person 'B'"
9504,1014,273,"NNP GZC Car '15WHITE', Person 'D'"
9303,7281,135,"NNP GZC Car '7WHITE', Person 'B'"
8893,3141,42,"NNP GZC Car '1WHITE', Person 'A'"
9929,5467,105,"NNP GZC Car '3WHITE', Person 'A'"
9088,3162,68,"NNP GZC Car '1WHITE', Person 'A'"
8954,8336,60,"GIRM_MUGU_20,hyrule:joncrall:/media/raid/work/GIRM_MUGU_20,,,,,0"
9109,9322,24,"NNP_Master,pachy.cs.uic.edu:jonc:/home/shared_ibeis/data/work/NNP_Master,,,,,6"
9940,2831,241,"NNP GZC Car '1RED', Person 'B'"
9294,6125,29,"NNP GZC Car '5WHITE', Person 'A'"
8827,9327,14,"NNP_Master,pachy.cs.uic.edu:jonc:/home/shared_ibeis/data/work/NNP_Master,,,,,6"
9675,1249,127,"NNP GZC Car '1BLUE', Person 'A'"
9188,153,112,"NNP GZC Car '11WHITE', Person 'A'"
9653,6936,100,"NNP GZC Car '6WHITE', Person 'B'"
9124,9343,56,"NNP_Master,pachy.cs.uic.edu:jonc:/home/shared_ibeis/data/work/NNP_Master,,,,,6"
8807,8349,47,"GIRM_MUGU_20,hyrule:joncrall:/media/raid/work/GIRM_MUGU_20,,,,,0"
9973,2858,241,"NNP GZC Car '1RED', Person 'B'"
9899,5290,158,"NNP GZC Car '3WHITE', Person 'A'"
9581,6952,49,"NNP GZC Car '6WHITE', Person 'B'"
9142,9358,15,"NNP_Master,pachy.cs.uic.edu:jonc:/home/shared_ibeis/data/work/NNP_Master,,,,,6"
9608,5166,112,"NNP GZC Car '3RED', Person 'B'"
9394,517,146,"NNP GZC Car '13WHITE', Person 'B'"
8999,9225,31,"NNP_Master,pachy.cs.uic.edu:jonc:/home/shared_ibeis/data/work/NNP_Master,,,,,6"
9565,5021,167,"NNP GZC Car '3PURPLE', Person 'B'"
8860,3298,23,"NNP GZC Car '1WHITE', Person 'B'"
8867,8325,64,"GIRM_MUGU_20,hyrule:joncrall:/media/raid/work/GIRM_MUGU_20,,,,,0"
9483,903,234,"NNP GZC Car '15WHITE', Person 'A'"
9602,5035,273,"NNP GZC Car '3RED', Person 'A'"
9059,3310,100,"NNP GZC Car '1WHITE', Person 'C'"
9678,1253,128,"NNP GZC Car '1BLUE', Person 'A'"
8812,9351,46,"NNP_Master,pachy.cs.uic.edu:jonc:/home/shared_ibeis/data/work/NNP_Master,,,,,6"
9068,9159,45,"NNP_Master,pachy.cs.uic.edu:jonc:/home/shared_ibeis/data/work/NNP_Master,,,,,6"
9361,515,74,"NNP GZC Car '13WHITE', Person 'B'"
9975,2863,238,"NNP GZC Car '1RED', Person 'B'"
9393,499,60,"NNP GZC Car '13WHITE', Person 'B'"
8964,8344,63,"GIRM_MUGU_20,hyrule:joncrall:/media/raid/work/GIRM_MUGU_20,,,,,0"
9557,5015,166,"NNP GZC Car '3PURPLE', Person 'B'"
8926,8322,90,"GIRM_MUGU_20,hyrule:joncrall:/media/raid/work/GIRM_MUGU_20,,,,,0"
9481,840,273,"NNP GZC Car '15WHITE', Person 'A'"
9196,2109,156,"NNP GZC Car '1PURPLE', Person 'D'"
9550,5020,167,"NNP GZC Car '3PURPLE', Person 'B'"
9671,1259,100,"NNP GZC Car '1BLUE', Person 'A'"
9317,7274,135,"NNP GZC Car '7WHITE', Person 'B'"
9192,306,74,"NNP GZC Car '11WHITE', Person 'A'"
9103,9312,53,"NNP_Master,pachy.cs.uic.edu:jonc:/home/shared_ibeis/data/work/NNP_Master,,,,,6"
8899,9339,56,"NNP_Master,pachy.cs.uic.edu:jonc:/home/shared_ibeis/data/work/NNP_Master,,,,,6"
8905,9333,5,"NNP_Master,pachy.cs.uic.edu:jonc:/home/shared_ibeis/data/work/NNP_Master,,,,,6"
9129,9326,58,"NNP_Master,pachy.cs.uic.edu:jonc:/home/shared_ibeis/data/work/NNP_Master,,,,,6"
8949,9165,45,"NNP_Master,pachy.cs.uic.edu:jonc:/home/shared_ibeis/data/work/NNP_Master,,,,,6"
9329,11,210,"NNP GZC Car '10WHITE', Person 'A'"
8897,9348,72,"NNP_Master,pachy.cs.uic.edu:jonc:/home/shared_ibeis/data/work/NNP_Master,,,,,6"
9117,9396,95,"NNP_Master,pachy.cs.uic.edu:jonc:/home/shared_ibeis/data/work/NNP_Master,,,,,6"
9732,7719,27,"NNP GZC Car '8WHITE', Person 'A'"
9157,1145,158,"NNP GZC Car '16WHITE', Person 'A'"
9166,9357,15,"NNP_Master,pachy.cs.uic.edu:jonc:/home/shared_ibeis/data/work/NNP_Master,,,,,6"
9856,5584,151,"NNP GZC Car '3WHITE', Person 'A'"
9624,5109,247,"NNP GZC Car '3RED', Person 'A'"
9689,1344,273,"NNP GZC Car '1BLUE', Person 'C'"
8887,9405,91,"NNP_Master,pachy.cs.uic.edu:jonc:/home/shared_ibeis/data/work/NNP_Master,,,,,6"
9753,7726,184,"NNP GZC Car '8WHITE', Person 'A'"
9630,5226,124,"NNP GZC Car '3RED', Person 'B'"
9883,5474,148,"NNP GZC Car '3WHITE', Person 'A'"
9290,6116,138,"NNP GZC Car '5WHITE', Person 'A'"
9945,2828,124,"NNP GZC Car '1RED', Person 'B'"
9637,6971,105,"NNP GZC Car '6WHITE', Person 'B'"
8977,8320,84,"GIRM_MUGU_20,hyrule:joncrall:/media/raid/work/GIRM_MUGU_20,,,,,0"
9573,5032,273,"NNP GZC Car '3RED', Person 'A'"
8802,3128,13,"NNP GZC Car '1WHITE', Person 'A'"
